{"cameraMode":{"drawMode":0,"name":"Shaded","section":"Shading Mode"},"sceneLighting":true,"audioPlay":false,"sceneViewState":{"m_AlwaysRefresh":false,"showFog":true,"showSkybox":true,"showFlares":true,"showImageEffects":true,"showParticleSystems":true,"showVisualEffectGraphs":true,"m_FxEnabled":true},"in2DMode":false,"pivot":{"x":8.516395568847657,"y":0.8931182622909546,"z":3.1136629581451418},"rotation":{"x":-0.037943385541439059,"y":0.958223283290863,"z":-0.2393839806318283,"w":-0.15188565850257874},"size":1.1918538808822632,"orthographic":false}