{"cameraMode":{"drawMode":0,"name":"Shaded","section":"Shading Mode"},"sceneLighting":true,"audioPlay":false,"sceneViewState":{"m_AlwaysRefresh":false,"showFog":true,"showSkybox":true,"showFlares":true,"showImageEffects":true,"showParticleSystems":true,"showVisualEffectGraphs":true,"m_FxEnabled":true},"in2DMode":false,"pivot":{"x":-3.31345796585083,"y":1.1783413887023926,"z":1.6742085218429566},"rotation":{"x":-0.034494511783123019,"y":-0.5784124135971069,"z":0.024479156360030175,"w":-0.8146672248840332},"size":2.7722115516662599,"orthographic":false}